timestamp,device,android_version,language,utterances_tested,top1_accuracy_pct,top2_accuracy_pct,avg_latency_ms,median_latency_ms,p95_latency_ms,cold_start_ms,warm_latency_avg_ms,short_audio_acc_pct,normal_audio_acc_pct,resident_pss_mb,peak_pss_mb,ram_delta_mb,verdict
1787947770329,SM-S921B,16,hi,10,100.0,100.0,823,852,909,851,851,100.0,100.0,613.9,613.9,101.5,MARGINAL
1787947780618,SM-S921B,16,en,10,100.0,100.0,856,873,901,0,873,100.0,100.0,615.4,615.4,2.2,MARGINAL
1787947790816,SM-S921B,16,mr,10,30.0,50.0,855,880,951,0,877,0.0,33.3,619.2,619.2,8.0,MARGINAL
1787947798342,SM-S921B,16,gu,10,30.0,40.0,629,697,900,0,685,0.0,33.3,619.9,619.9,0.6,MARGINAL
1787947807074,SM-S921B,16,te,10,70.0,80.0,745,880,1098,0,790,0.0,77.8,619.0,619.0,0.9,MARGINAL
1787947816618,SM-S921B,16,ta,10,80.0,80.0,797,846,943,0,862,0.0,88.9,605.9,605.9,6.4,MARGINAL
1787947826215,SM-S921B,16,bn,10,80.0,80.0,806,869,918,0,871,0.0,88.9,613.0,613.0,3.5,MARGINAL
1787947836783,SM-S921B,16,kn,10,20.0,30.0,893,917,967,0,915,0.0,22.2,617.6,617.6,4.6,MARGINAL
1787947846680,SM-S921B,16,ml,10,40.0,40.0,830,892,959,0,897,0.0,44.4,605.2,605.2,7.8,MARGINAL
1787947856411,SM-S921B,16,or,10,0.0,0.0,811,886,893,0,879,0.0,0.0,612.9,612.9,7.6,CONDITIONAL (CLUSTERS WITH BN)
1787948999114,SM-S921B,16,hi,10,100.0,100.0,776,787,875,875,793,100.0,100.0,613.8,613.8,71.8,8,2,0,0,0.0,MARGINAL
1787949008504,SM-S921B,16,en,10,100.0,100.0,769,785,801,0,783,100.0,100.0,615.5,615.5,8.3,10,0,0,0,0.0,MARGINAL
1787949017600,SM-S921B,16,mr,10,30.0,50.0,751,781,811,0,766,0.0,33.3,622.8,622.8,7.3,0,8,2,0,0.0,MARGINAL
1787949027588,SM-S921B,16,gu,10,30.0,40.0,863,721,1494,0,935,0.0,33.3,628.4,628.4,5.6,3,6,1,3,30.0,MARGINAL
1787949036702,SM-S921B,16,te,10,70.0,80.0,755,791,804,0,776,0.0,77.8,628.5,628.5,0.0,4,5,1,1,10.0,MARGINAL
1787949045639,SM-S921B,16,ta,10,80.0,80.0,722,783,814,0,780,0.0,88.9,620.5,620.5,7.0,8,1,1,1,10.0,MARGINAL
1787949054367,SM-S921B,16,bn,10,80.0,80.0,708,780,806,0,765,0.0,88.9,627.4,627.4,6.9,5,5,0,0,0.0,MARGINAL
1787949063801,SM-S921B,16,kn,10,20.0,30.0,775,795,820,0,793,0.0,22.2,629.2,629.2,1.8,1,6,3,1,10.0,MARGINAL
1787949072805,SM-S921B,16,ml,10,40.0,40.0,731,797,801,0,789,0.0,44.4,619.5,619.5,7.8,1,7,2,1,10.0,MARGINAL
1787949081925,SM-S921B,16,or,10,0.0,0.0,737,797,823,0,797,0.0,0.0,627.2,627.2,7.7,2,7,1,2,20.0,CONDITIONAL (CLUSTERS WITH BN)
