sample_id,language,code,category,audio_duration_s,infer_latency_ms,rtf,rms,peak,clipping_pct,reference,hypothesis
hi_01_normal,Hindi,hi,normal,4.01,474.0,0.118,0.1524,0.7621,0.00%,सभी गश्ती चौकियों की स्थिति सुरक्षित और स्पष्ट है,सभी दश्ती चौकियों की स्थिती सुरक्षित और स्पष्ट है
hi_02_short,Hindi,hi,short,1.09,109.8,0.101,0.1646,0.7543,0.00%,रोज़र बेस,रोसर बेस
hi_03_long,Hindi,hi,long,7.25,849.9,0.117,0.1767,0.8142,0.00%,हमारा दस्ता पश्चिमी राजमार्ग से होते हुए जंक्शन सात की ओर सामान्य प्रोटोकॉल के तहत बढ़ रहा है,हमारा दस्ता पश्चिमी राजमार्ग से होते हुए जंक्शन सात की ओर सामान्य प्रोटोकॉल के तहत बढ़ रहा है
hi_04_numbers,Hindi,hi,numbers,4.93,568.9,0.115,0.1593,0.7484,0.00%,टीम में कुल बारह सदस्य हैं और बैटरी स्तर पचहत्तर प्रतिशत है,टीन में कुल बारह सदस्य है और बैटरी स्तर पहत्तर प्रतिशत है
hi_05_location,Hindi,hi,location,5.03,541.8,0.108,0.1514,0.7863,0.00%,स्टेशन अल्फा मुख्य द्वार से पचास मीटर उत्तर की ओर स्थित है,स्टेशन अल्फा मुख्य द्वार से पचास मीटर उत्तर की ओर स्थित है
hi_06_emergency,Hindi,hi,emergency,5.18,527.1,0.102,0.1586,0.8409,0.00%,आपातकालीन चेतावनी सेक्टर चार में तुरंत सहायता की आवश्यकता है,आपाकालीन चेतावनी सेक्टर चार में तुरंत सहायता की आवश्यकता है
hi_07_radio,Hindi,hi,radio,3.85,436.0,0.113,0.1950,0.8262,0.00%,रेडियो चेक क्या आपको मेरी आवाज़ आ रही है ओवर,रेडियो चेक क्या आपको मेरी आवाज आ रही है ओवर
hi_08_punct,Hindi,hi,punct,3.60,385.9,0.107,0.1582,0.7977,0.00%,स्थिति बनाए रखें अगले आदेश की प्रतीक्षा करें,स्थिती बनाए रखें अगले आदेश की प्रतीक्षा करें
hi_09_proper_nouns,Hindi,hi,proper_nouns,4.46,512.4,0.115,0.1694,0.8049,0.00%,दस्ता नायक विक्रम बेस पर कैप्टन शर्मा को रिपोर्ट करें,दस्ता नायक विक्रम बेस पर कैप्तन शर्मा को रिपोर्ट करें
hi_10_fast,Hindi,hi,fast,4.21,450.9,0.107,0.1583,0.8355,0.00%,त्वरित सूचना टीम अब सुरक्षा घेरे में प्रवेश कर रही है,स्वरत सूचना तीम अब सुरक्षा घेरे में प्रवेश कर रही है
hi_11_tactical_1,Hindi,hi,tactical,4.19,446.5,0.107,0.1505,0.8284,0.00%,रेड अलर्ट सभी टीमें सुरक्षित स्थान पर पीछे हटें,रेड अलर्ट सभी टीमें सुरक्षित स्थान पर पीछे हटे
hi_12_tactical_2,Hindi,hi,tactical,3.31,324.9,0.098,0.1670,0.8302,0.00%,चिकित्सा दल को सेक्टर नौ में भेजा गया है,चिकित्सा दल को सेक्टर नौ में भेजा गया है
hi_13_tactical_3,Hindi,hi,tactical,3.66,401.2,0.110,0.1685,0.8274,0.00%,ऑक्सीजन स्तर चालीस प्रतिशत तुरंत बाहर निकलें,ऑक्सीजन स्तर चालीस प्रतिशत तुरंत बाहर निकले
hi_14_tactical_4,Hindi,hi,tactical,2.94,304.1,0.104,0.1896,0.7915,0.00%,गोदाम दो में घना धुआं देखा गया है,गोदाम दो में घना धुमा देखा गया है
hi_15_tactical_5,Hindi,hi,tactical,3.34,366.9,0.110,0.1730,0.8134,0.00%,सीमा बाड़ के पास घुसपैठ की सूचना मिली है,सीमा बा्ड के पास घुसपैठ की सूचना मिली है
hi_16_coords_1,Hindi,hi,coords,5.34,646.8,0.121,0.1500,0.7642,0.00%,अक्षांश बारह दशमलव पाँच देशांतर सतहत्तर दशमलव छह,अक्षांच बारह दशमलव पांच देशांतर सतहत्तर दशमलव छ
hi_17_coords_2,Hindi,hi,coords,3.25,322.1,0.099,0.1496,0.8066,0.00%,चेकपॉइंट डेल्टा ऊँचाई तीन सौ मीटर,चेक पॉइंट डिरता ऊंचाई तीन सोमीटर
hi_18_coords_3,Hindi,hi,coords,3.39,375.2,0.111,0.1728,0.7766,0.00%,इमारत चार कमरा नंबर अट्ठाईस सुरक्षित,इमार चार कमरा नंबर अट्ठाई सुरक्षित
hi_19_coords_4,Hindi,hi,coords,3.63,411.7,0.113,0.1602,0.8438,0.00%,गति तीस किलोमीटर प्रति घंटा दक्षिण की ओर,गति तीस किलोमीटर प्रति घंटा दक्षिण की ओर
hi_20_coords_5,Hindi,hi,coords,3.69,388.2,0.105,0.1674,0.8184,0.00%,रिले टावर पाँच सिग्नल शक्ति अस्सी प्रतिशत,रिलेतावर पांच सिग्नल शक्ति असी प्रतिशत
mr_01_normal,Marathi,mr,normal,3.74,450.0,0.120,0.1157,0.6631,0.00%,सर्व गस्त चौक्या सुरक्षित आणि स्पष्ट असल्याची नोंद आहे,सर्वगस्त चौक्या सुरक्षित आणि स्पष्ट असल्याची नोंद आहे
mr_02_short,Marathi,mr,short,1.21,128.9,0.107,0.1393,0.6976,0.00%,समजले बेस,समजली पस
mr_03_long,Marathi,mr,long,6.23,728.2,0.117,0.1146,0.7180,0.00%,आपली तुकडी पश्चिम महामार्गाने जंक्शन सातच्या दिशेने प्रमाणित नियमांनुसार पुढे जात आहे,अकलि तुकडी पश्चिम महामारगाने जंक्शन सातशा दिशेने प्रमानि निमानुसार पुढे जात आहे
mr_04_numbers,Marathi,mr,numbers,3.60,401.3,0.111,0.1209,0.6985,0.00%,तुकडीत बारा सदस्य आहेत आणि बॅटरी पंच्याहत्तर टक्के आहे,तुकडी तबारा सदसे आहेत आणि बॅाठली पंच्याहत्तर टखे आहे
mr_05_location,Marathi,mr,location,4.20,419.9,0.100,0.1376,0.6736,0.00%,स्टेशन अल्फा मुख्य प्रवेशद्वारापासून पन्नास मीटर उत्तरेस आहे,श्रीशकलफा मुख्य प्रवेष्ठवरा पासून पन्नास मीटर उतरेस आहे
mr_06_emergency,Marathi,mr,emergency,4.16,423.6,0.102,0.1224,0.7794,0.00%,तातडीची सूचना सेक्टर चारमध्ये त्वरित मदतीची आवश्यकता आहे,तातरी ची सुजना सेएतर चार मध्ये वरीब मरती ची आवशकता आहे
mr_07_radio,Marathi,mr,radio,3.18,363.3,0.114,0.1131,0.6646,0.00%,रेडिओ तपासणी माझा आवाज ऐकू येत आहे का ओव्हर,वेडिओ तपास णहि माझ्या आवाजऐकु येता आहे का ओहा
mr_08_punct,Marathi,mr,punct,2.67,285.8,0.107,0.1139,0.6500,0.00%,जागेवर थांबा पुढील आदेशाची वाट पहा,जागेवर थांबा पुढील आदेशाची वाढपहा
mr_09_proper_nouns,Marathi,mr,proper_nouns,3.53,376.5,0.107,0.1297,0.6635,0.00%,तुकडी प्रमुख विक्रम बेसवर कॅप्टन शर्मा यांना भेटा,सुकडी प्रमुख विक्रम बेश्वर कॅप्टन शर्मा याना भेचा
mr_10_fast,Marathi,mr,fast,2.87,318.2,0.111,0.1318,0.6979,0.00%,जलद माहिती टीम आता आवारात प्रवेश करत आहे,जलद महिती टीम आता आवाराज प्रवेश करत आहे
mr_11_tactical_1,Marathi,mr,tactical,3.44,369.8,0.107,0.1140,0.8058,0.00%,रेड अलर्ट सर्व पथकांनी सुरक्षित ठिकाणी मागे व्हावे,हेर आलट सर्वपतकानी सुरक्षी ठिकानी माध्ये भावय
mr_12_tactical_2,Marathi,mr,tactical,3.01,305.7,0.102,0.1175,0.6852,0.00%,वैद्यकीय पथक सेक्टर नऊकडे रवाना झाले आहे,वाैदिकीय पथक सिटर नवकरी रवाना झाले आहे
mr_13_tactical_3,Marathi,mr,tactical,2.80,295.2,0.106,0.1074,0.6997,0.00%,ऑक्सिजन पातळी चाळीस टक्के त्वरित बाहेर पडा,अक्सिझनपाते चाळीस शकेत वरुत बाहेर पडा
mr_14_tactical_4,Marathi,mr,tactical,2.36,231.1,0.098,0.1276,0.6305,0.00%,गोदाम दोनमध्ये दाट धूर दिसत आहे,बदाम दोन मध्ये दाडधुर दिसत आहे
mr_15_tactical_5,Marathi,mr,tactical,2.86,298.5,0.104,0.1214,0.5645,0.00%,सीमा कुंपणाजवळ संशयास्पद हालचाल दिसली,शिमा कुपनाजवर संकस्यासपरधालचा दिसी
mr_16_coords_1,Marathi,mr,coords,4.07,439.3,0.108,0.1005,0.6973,0.00%,अक्षांश बारा दशांश पाच रेखांश सत्याहत्तर दशांश सहा,अक्षाशे बारा दशाश पासरिखसत्याहतर दशा साहा
mr_17_coords_2,Marathi,mr,coords,2.05,236.7,0.115,0.1160,0.5177,0.00%,चेकपॉईंट डेल्टा उंची तीनशे मीटर,शएकॉट बयालटा उंजी तीनशे मेटर
mr_18_coords_3,Marathi,mr,coords,2.73,273.7,0.100,0.1514,0.8373,0.00%,इमारत चार खोली क्रमांक अठ्ठावीस सुरक्षित,हिमारत चारकोली क्रमांक अठावीस सुरक्षी
mr_19_coords_4,Marathi,mr,coords,2.90,302.2,0.104,0.1343,0.7978,0.00%,वेग तीस किलोमीटर प्रति तास दक्षिणेकडे,वेतीस किलोमीटर पती तास दक्षण इकडे
mr_20_coords_5,Marathi,mr,coords,2.41,264.8,0.110,0.1261,0.7761,0.00%,रिले टॉवर पाच सिग्नल ऐंशी टक्के,जिले चावर पाच सि्नल ऐंशी शके
bn_01_normal,Bengali,bn,normal,3.27,387.5,0.118,0.0844,0.7302,0.00%,সমস্ত টহল চৌকি নিরাপদ এবং স্পষ্ট রিপোর্ট করা হয়েছে,সমস্ত টহ চকি নিরাপদ এবং স্পস্ট রিপোর্ট করা হয়েছে
bn_02_short,Bengali,bn,short,0.85,86.2,0.101,0.1227,0.6540,0.00%,রজার বেস,রোজা বেশ
bn_03_long,Bengali,bn,long,4.54,494.7,0.109,0.1036,0.7831,0.00%,আমাদের দল পশ্চিম মহাসড়ক ধরে জংশন সাতের দিকে সাধারণ নিয়ম মেনে এগিয়ে চলেছে,আমাদের দল পশ্চিমহাসরণ ধরে যংশন সাতের দিকে সাধারণ নিয়ম মেনে এগই চলেছে
bn_04_numbers,Bengali,bn,numbers,3.34,356.4,0.107,0.0963,0.7561,0.00%,দলে বারো জন সদস্য আছেন এবং ব্যাটারি পঁচাত্তর শতাংশ,দলে বারোজন সদর্য আছেন এবং ব্যাটারে পঁচাত্তর সতানশ
bn_05_location,Bengali,bn,location,3.05,334.1,0.109,0.1000,0.7037,0.00%,স্টেশন আলফা প্রধান গেট থেকে পঞ্চাশ মিটার উত্তরে অবস্থিত,স্টেশন আলফা প্রধান গের থেকে পঞ্চাশ মিটার উত্তরে অবসথিত
bn_06_emergency,Bengali,bn,emergency,3.07,333.1,0.108,0.0953,0.6227,0.00%,জরুরি সতর্কতা সেক্টর চারে অবিলম্বে সহায়তার প্রয়োজন,জরুরি শতকতা শেক্টর চাড়ে অভিরম্বের সহায়তার প্রজন
bn_07_radio,Bengali,bn,radio,2.32,229.9,0.099,0.0891,0.7350,0.00%,রেডিও চেক আপনি কি আমার কথা শুনতে পাচ্ছেন ওভার,রেডিও চেক আপিকি আমার কথা শুনতে পাচছেন ওবার
bn_08_punct,Bengali,bn,punct,3.15,331.2,0.105,0.1044,0.7112,0.00%,অবস্থান ধরে রাখুন পরবর্তী আদেশের জন্য অপেক্ষা করুন,অবস্থান ধরে রাখুন পরবর্তী আদেশের জন্য অপেক্ষা করুন
bn_09_proper_nouns,Bengali,bn,proper_nouns,2.64,299.4,0.113,0.0924,0.7188,0.00%,দলনেতা বিক্রম বেসে ক্যাপ্টেন শর্মার সাথে দেখা করুন,দলেতা বিক্রম পেশে ক্যাপটেন্ সর্মার সাথে দেখা করুন
bn_10_fast,Bengali,bn,fast,2.41,262.3,0.109,0.0945,0.7164,0.00%,দ্রুত তথ্য টিম এখন চত্বরে প্রবেশ করছে,দ্রুত তত্থটিম এখন চত্তরে প্রবেশ করছে
bn_11_tactical_1,Bengali,bn,tactical,2.59,266.0,0.103,0.1039,0.8109,0.00%,রেড অ্যালার্ট সমস্ত দল নিরাপদ স্থানে সরে যান,রেট এলট সমস্ত দলনিরাপদ স্থানে সরেজান
bn_12_tactical_2,Bengali,bn,tactical,1.85,193.2,0.105,0.0972,0.7267,0.00%,মেডিকেল টিম সেক্টর নয়ে পাঠানো হয়েছে,মেডিক্যাল টিমসেএকটনপাঠানো হয়েছে
bn_13_tactical_3,Bengali,bn,tactical,2.74,308.8,0.113,0.0944,0.6350,0.00%,অক্সিজেন স্তর চল্লিশ শতাংশ অবিলম্বে বের হন,অক্সিজেন্স তরচলির সতানশ অভিরম্মে বেরহন
bn_14_tactical_4,Bengali,bn,tactical,1.74,195.0,0.112,0.0901,0.5699,0.00%,গুদাম দুইয়ে ভারী ধোঁয়া দেখা গেছে,গুদন দুই ভারীধ দেখা গেছে
bn_15_tactical_5,Bengali,bn,tactical,2.40,293.7,0.122,0.0968,0.6005,0.00%,সীমান্ত বেড়ার কাছে সন্দেহজনক গতিবিধি,সীমান্ত বেড়ের কাছে সন্ধ্যহা জনব গতিবিথি
bn_16_coords_1,Bengali,bn,coords,3.65,369.5,0.101,0.0740,0.6515,0.00%,অক্ষাংশ বারো দশমিক পাঁচ দ্রাঘিমাংশ সাতাাত্তর দশমিক ছয়,অক্ষাণশ বারো দশই আজ দ্রাকীনশ শাতাত্তর দশমি ছয়
bn_17_coords_2,Bengali,bn,coords,2.19,225.7,0.103,0.0896,0.6489,0.00%,চেকপয়েন্ট ডেল্টা উচ্চতা তিনশত মিটার,চেক পঠ দ্বেলতা উচ্চতা তিন শতমিতার
bn_18_coords_3,Bengali,bn,coords,2.42,260.5,0.108,0.0955,0.7090,0.00%,ভবন চার রুম নম্বর আঠাশ নিরাপদ,ভবনচার রুম নম্বর আকাশ মীরাপন
bn_19_coords_4,Bengali,bn,coords,2.30,255.2,0.111,0.0971,0.6463,0.00%,গতি ত্রিশ কিলোমিটার প্রতি ঘণ্টা দক্ষিণ দিকে,গতিত্রীস কিলোমিটার প্রতিকণ্টা দক্ষিণ দিকে
bn_20_coords_5,Bengali,bn,coords,2.07,201.7,0.097,0.0953,0.7115,0.00%,রিলে টাওয়ার পাঁচ সংকেত আশি শতাংশ,লরিলে তাওয়ার পাঁচ সঙকেত আশি সদানশু
te_01_normal,Telugu,te,normal,4.28,474.5,0.111,0.0550,0.5476,0.00%,అన్ని పెట్రోలింగ్ చెక్‌పోస్టులు సురక్షితంగా ఉన్నాయని నివేదించబడింది,అన్ని పెట్రోలించచె పోస్టులు సురక్షితంగా ఉన్నాయని నివేదించబడింది
te_02_short,Telugu,te,short,1.04,110.0,0.106,0.0608,0.3127,0.00%,రోజర్ బేస్,రోజార్ బేస్
te_03_long,Telugu,te,long,6.69,808.1,0.121,0.0552,0.4646,0.00%,మా బృందం పశ్చిమ రహదారి గుండా జంక్షన్ ఏడు వైపు సాధారణ నిబంధనల ప్రకారం ముందుకు సాగుతోంది,మా బృందం పశ్చిమ రహదారి గుండా జంక్షన్ ఏడు వైపు సాధారణ నిబంధనల ప్రకారం ముందుకు సాగుతోంది
te_04_numbers,Telugu,te,numbers,5.33,592.0,0.111,0.0666,0.5887,0.00%,బృందంలో పన్నెండు మంది సభ్యులు ఉన్నారు మరియు బ్యాటరీ డెబ్బై ఐదు శాతం ఉంది,బృందంలో పన్నెండు మంది సభ్యులు ఉన్నారు మరియు బేటరీ డెబ్బ్ ఐదు శాతం ఉంది
te_05_location,Telugu,te,location,4.31,465.5,0.108,0.0583,0.5703,0.00%,స్టేషన్ ఆల్ఫా ప్రధాన ద్వారం నుండి యాభై మీటర్ల ఉత్తరాన ఉంది,స్టేషన్ ఆల్ఫా ప్రధాన ద్వారం నుండి యాబై మీటర్ల ఉత్తరన ఉంది
te_06_emergency,Telugu,te,emergency,4.18,465.4,0.111,0.0498,0.4609,0.00%,అత్యవసర హెచ్చరిక సెక్టార్ నాలుగులో తక్షణ సహాయం అవసరం,అత్యవసర హెచ్చరిక సెక్టర్ నాలుగులో తక్షణ సహాయం అవసరం
te_07_radio,Telugu,te,radio,2.87,290.0,0.101,0.0614,0.3664,0.00%,రేడియో చెక్ నా మాటలు వినిపిస్తున్నాయా ఓవర్,రేడియో చెక్నా మాటలు విలిపిస్తున్నాయా ఓవర్
te_08_punct,Telugu,te,punct,3.67,382.5,0.104,0.0471,0.4743,0.00%,అక్కడే ఉండండి తదుపరి ఆదేశాల కోసం వేచి ఉండండి,అక్కడే ఉండండి పదుపరి ఆదేశాల కోసం వేచి ఉండండి
te_09_proper_nouns,Telugu,te,proper_nouns,3.63,412.8,0.114,0.0550,0.3669,0.00%,టీమ్ లీడర్ విక్రమ్ బేస్ వద్ద కెప్టెన్ శర్మను కలవండి,టీం లేడర్ విక్రమ్ బేస్ వద్ద కెప్టెన్ సర్మను కలవండి
te_10_fast,Telugu,te,fast,3.64,374.8,0.103,0.0455,0.4175,0.00%,త్వరిత సమాచారం బృందం ఇప్పుడు పరిధిలోకి ప్రవేశిస్తోంది,త్వరిత సమాచారం బృందం ఇప్పుడు పరిధిలోకి ప్రవేశిస్తోంది
te_11_tactical_1,Telugu,te,tactical,4.02,449.1,0.112,0.0515,0.4050,0.00%,రెడ్ అలర్ట్ అన్ని బృందాలు సురక్షిత ప్రాంతానికి చేరుకోవాలి,రెడ్ అలర్ అన్ని బృందాలు సురక్షిత ప్రాంతానికి చేరుకోవాలి
te_12_tactical_2,Telugu,te,tactical,3.06,326.9,0.107,0.0565,0.4150,0.00%,వైద్య బృందాన్ని సెక్టార్ తొమ్మిదికి పంపారు,వైద్య బృందాన్ని శెక్టార్ తొమ్మిదికి పంపారు
te_13_tactical_3,Telugu,te,tactical,3.63,374.9,0.103,0.0536,0.5564,0.00%,ఆక్సిజన్ స్థాయి నలభై శాతం వెంటనే బయటకు రండి,ఆక్సిజన్ స్థాయి నలబై శాతం వెంటనే బయటకు రండి
te_14_tactical_4,Telugu,te,tactical,2.87,307.5,0.107,0.0650,0.5407,0.00%,గిడ్డంగి రెండులో దట్టమైన పొగ కనిపించింది,గిడ్డంగి రెండిలో దాట్టమైన పొగ కనిపించింది
te_15_tactical_5,Telugu,te,tactical,3.25,356.7,0.110,0.0501,0.3871,0.00%,సరిహద్దు కంచె వద్ద అనుమానాస్పద కదలికలు,సరిహద్దు కంచి వద్ద అనుమానాస్పద కదలికలు
te_16_coords_1,Telugu,te,coords,4.39,491.7,0.112,0.0585,0.6027,0.00%,అక్షాంశం పన్నెండు పాయింట్ ఐదు రేఖాంశం డెబ్బై ఏడు పాయింట్ ఆరు,అక్ష అంసం పన్నెండు పాయింట్ ఐదు రేకంసం డెబ్బ ఏడు పాయింట్ ఆరు
te_17_coords_2,Telugu,te,coords,2.94,295.4,0.101,0.0577,0.3195,0.00%,చెక్‌పాయింట్ డెల్టా ఎత్తు మూడు వందల మీటర్లు,చెక్ పాయింట్ డెల్టా ఎత్తు మూడు వందల మీటర్లు
te_18_coords_3,Telugu,te,coords,3.50,371.0,0.106,0.0622,0.4644,0.00%,భవనం నాలుగు గది సంఖ్య ఇరవై ఎనిమిది సురక్షితం,భవనం నాలుగు గది సంఖ్య ఇరవై ఎనిమిది సురక్షితం
te_19_coords_4,Telugu,te,coords,3.67,402.4,0.110,0.0576,0.3625,0.00%,వేగం ముప్పై కిలోమీటర్లు గంటకు దక్షిణం వైపు,వేగం ముప్పై కిలోమీటర్లు గంటకు దక్షిణం వైపు
te_20_coords_5,Telugu,te,coords,2.66,295.2,0.111,0.0597,0.4756,0.00%,రిలే టవర్ ఐదు సిగ్నల్ ఎనభై శాతం,రిలీ టవర్ ఐదు సిగ్నల్ ఎనబై శాతం
ml_01_normal,Malayalam,ml,normal,4.21,497.5,0.118,0.1740,0.7878,0.00%,എല്ലാ പട്രോളിംഗ് ചെക്ക്പോസ്റ്റുകളും സുരക്ഷിതമാണെന്ന് റിപ്പോർട്ട് ചെയ്തിരിക്കുന്നു,എല്ലാ പട്രോളിൻക് ചെക്ക് പോസ്റുകളും സുരക്ഷിതംാണെന്ന് റിപ്പോർട്ട് ചെയ്തിരിക്കുന്നു
ml_02_short,Malayalam,ml,short,0.92,112.9,0.123,0.1990,0.7645,0.00%,റോജർ ബേസ്,ബോജർ ബേസ്
ml_03_long,Malayalam,ml,long,6.30,710.2,0.113,0.1733,0.7264,0.00%,ഞങ്ങളുടെ സംഘം പടിഞ്ഞാറൻ ഹൈവേയിലൂടെ ജംഗ്ഷൻ ഏഴിലേക്ക് സാധാരണ പ്രോട്ടോക്കോൾ പ്രകാരം നീങ്ങുന്നു,ഞങങളുടെ സംഖം പടിഞ്ഞാറൻ ഹൈവെയിലൂടെ ജൻഷൻ എഴിലേക്ക് സാധാരണ പ്രവട്ടൂക്കോൾ പ്രകാരം നീങ്ങുന്നു
ml_04_numbers,Malayalam,ml,numbers,4.28,465.1,0.109,0.1956,0.7427,0.00%,സംഘത്തിൽ പന്ത്രണ്ട് അംഗങ്ങളുണ്ട് ബാറ്ററി എഴുപത്തിയഞ്ച് ശതമാനമാണ്,സംഘത്തിൽ പന്ത്രണട് അഗങ്ങളുണ്ട് ബാറ്ററി എഴുപത്തി അഞ്ചു ശദമാനം ആണ്
ml_05_location,Malayalam,ml,location,4.99,560.0,0.112,0.1764,0.7119,0.00%,സ്റ്റേഷൻ ആൽഫ പ്രധാന കവാടത്തിൽ നിന്ന് അമ്പത് മീറ്റർ വടക്കായി സ്ഥിതിചെയ്യുന്നു,സ്റ്റേഷൻ ആലപ പ്രധാനക വാടത്തിൽ നിന്ന് അമ്പത് മീറ്റർ വടക്കായി സ്ഥിരിച ചെയ്യുന്നു
ml_06_emergency,Malayalam,ml,emergency,3.99,449.8,0.113,0.1919,0.7305,0.00%,അടിയന്തിര മുന്നറിയിപ്പ് സെക്ടർ നാലിൽ അടിയന്തിര സഹായം ആവശ്യമാണ്,അടിയന്തര മുന്നറിപ് സെക്കർനാലിൽ അടിയന്തര സഹായം ആവശ്യമാണ്
ml_07_radio,Malayalam,ml,radio,3.33,362.4,0.109,0.1987,0.7455,0.00%,റേഡിയോ പരിശോധന എന്റെ ശബ്ദം കേൾക്കാമോ ഓവർ,രേഡിയോ പരിശോധന എൻറെ ശബ്ദം കേൾക്കാമോ ഓവർ
ml_08_punct,Malayalam,ml,punct,3.53,353.0,0.100,0.1871,0.8090,0.00%,സ്ഥാനത്ത് തുടരുക അടുത്ത നിർദ്ദേശത്തിനായി കാത്തിരിക്കുക,സ്ഥാനത്ത് തുടരുക അടുത്ത നിർദ്ദേശത്തിനായി കാത്തിരിക്കുവ
ml_09_proper_nouns,Malayalam,ml,proper_nouns,3.06,303.2,0.099,0.1963,0.7426,0.00%,ടീം ലീഡർ വിക്രം ബേസിൽ ക്യാപ്റ്റൻ ശർമ്മയെ കാണുക,ടീം ലീഡർ വിക്രം ബേസിൽ കാപ്റ്റൻ ശർമയ കാണുക
ml_10_fast,Malayalam,ml,fast,3.45,376.8,0.109,0.1522,0.7067,0.00%,വേഗത്തിലുള്ള വിവരം സംഘം ഇപ്പോൾ പരിസരത്ത് പ്രവേശിക്കുന്നു,വേഗത്തിലുള്ള വിവരം സംഘം ഇപ്പോൾ പരിസരത്ത് പ്രവേശിക്കുന്നു
ml_11_tactical_1,Malayalam,ml,tactical,3.75,390.2,0.104,0.1804,0.8202,0.00%,റെഡ് അലേർട്ട് എല്ലാ ടീമുകളും സുരക്ഷിത സ്ഥാനത്തേക്ക് മാറുക,രേഡ്ഡ് അലേരിട്ട് എല്ലാ ടീമുകളും സുരക്ഷിത സ്ഥാനത്തേക്ക് മാറുക
ml_12_tactical_2,Malayalam,ml,tactical,2.74,298.0,0.109,0.1844,0.8029,0.00%,മെഡിക്കൽ ടീമിനെ സെക്ടർ ഒൻപതിലേക്ക് അയച്ചു,മെഡിക്കൽ ഡിമിനേ സെക്ടർ ഒമപതിലേക്കെ അയച്ചു
ml_13_tactical_3,Malayalam,ml,tactical,3.34,359.8,0.108,0.1861,0.7072,0.00%,ഓക്സിജൻ അളവ് നാൽപ്പത് ശതമാനം ഉടൻ പുറത്തിറങ്ങുക,ഓക്സിജൻ അളവോ നാല്പത് ശേദമാനം ഉടൻ പുറത്തിറങ്ങനുക
ml_14_tactical_4,Malayalam,ml,tactical,2.88,313.6,0.109,0.1667,0.7639,0.00%,വെയർഹൗസ് രണ്ടിൽ കനത്ത പുക കാണപ്പെട്ടു,വെയർ ഹസ് രണ്ടിൽ കരത്ത പുകക്കാണപ്പെട്ടു
ml_15_tactical_5,Malayalam,ml,tactical,3.26,353.1,0.108,0.1896,0.7933,0.00%,അതിർത്തി വേലിക്ക് സമീപം സംശയാസ്പദമായ ചലനം,അതിത്ി വേലിക്ക് സമീപം സംശയ ആസ്പദമാര ചലനം
ml_16_coords_1,Malayalam,ml,coords,5.05,550.8,0.109,0.1814,0.6892,0.00%,അക്ഷാംശം പന്ത്രണ്ട് പോയിന്റ് അഞ്ച് രേഖാംശം എഴുപത്തിയേഴ് പോയിന്റ് ആറ്,അക്ഷാംശം പന്ദ്രൻട് പോയിനത് അഞ്ചു രേഖാംശം എഴുപത്തിഏേഴ് പോയുന്നത് ആറ്
ml_17_coords_2,Malayalam,ml,coords,2.65,299.9,0.113,0.2243,0.7657,0.00%,ചെക്ക്പോയിന്റ് ഡെൽറ്റ ഉയരം മുന്നൂറ് മീറ്റർ,ചെക്ക് പോയനത് ഡരറ്റ് ഉയരം മുന്നൂറുമീറ്റ
ml_18_coords_3,Malayalam,ml,coords,3.09,316.3,0.102,0.1679,0.5794,0.00%,കെട്ടിടം നാല് മുറി നമ്പർ ഇരുപത്തിയെട്ട് സുരക്ഷിതം,കെറ്റിടം നാലു മുറി നമ്പർ ഇരുപത്തിെറ്ട് സുരക്ഷിതം
ml_19_coords_4,Malayalam,ml,coords,3.19,332.9,0.105,0.1724,0.7494,0.00%,വേഗത മണിക്കൂറിൽ മുപ്പത് കിലോമീറ്റർ തെക്ക് ഭാഗത്തേക്ക്,വേരേദ മണിക്കൂറിൽ മുപ്പത് കിലോമീറ്റർ തെക്ക് ഭാഗത്തേക്ക്
ml_20_coords_5,Malayalam,ml,coords,2.70,316.3,0.117,0.1745,0.7303,0.00%,റിലേ ടവർ അഞ്ച് സിഗ്നൽ എൺപത് ശതമാനം,പിലേ തവർ അഞ്ച് സിഡ്നിൽ എണ്ടത് ശതമാനം
ta_01_normal,Tamil,ta,normal,3.05,363.3,0.119,0.0524,0.2677,0.00%,அனைத்து ரோந்து சோதனைச் சாவடிகளும் பாதுகாப்பாக உள்ளன,அனைத்து ரோந்து சோதனைச் சாவடிகளும் பாதுகாப்பாக உள்ளன
ta_02_short,Tamil,ta,short,0.81,86.8,0.107,0.0207,0.1241,0.00%,ரோஜர் பேஸ்,ரோஜர் பேஸ்
ta_03_long,Tamil,ta,long,5.47,603.9,0.110,0.0425,0.2165,0.00%,எங்கள் குழு மேற்கு நெடுஞ்சாலை வழியாக சந்திப்பு ஏழு நோக்கி நிலையான நெறிமுறைகளின்படி செல்கிறது,எங்கள் குழு மேற்கு நெடுஞ்சாலை வழியாக சந்திப்பு ஏழு நோக்கி நிலையான நெரிமுறைகளின்படிச் செல்கிறது
ta_04_numbers,Tamil,ta,numbers,4.79,514.7,0.107,0.0268,0.1824,0.00%,குழுவில் பன்னிரண்டு உறுப்பினர்கள் உள்ளனர் மற்றும் பேட்டரி எழுபத்தைந்து சதவீதம் உள்ளது,குழுவில் பனிரண்டு உறுப்பினர்கள் உள்ளனர் மற்றும் வேட்டெரி எழுபத்தை ஐந்து சதவீதம் உள்ளது
ta_05_location,Tamil,ta,location,4.21,489.4,0.116,0.0546,0.3081,0.00%,நிலையம் ஆல்பா பிரதான வாயிலில் இருந்து ஐம்பது மீட்டர் வடக்கே அமைந்துள்ளது,நிலையம் ஆல்பா பிரதான வாயிலில் இருந்து ஐம்பது மீட்டர் வடக்கே அமைந்துள்ளது
ta_06_emergency,Tamil,ta,emergency,3.74,395.4,0.106,0.0176,0.1225,0.00%,அவசர எச்சரிக்கை பிரிவு நான்கில் உடனடி உதவி தேவைப்படுகிறது,அவசர எச்சரிக்கை பிரிவு நான்கில் உடனடி உதவி தேவைப்படுகிறது
ta_07_radio,Tamil,ta,radio,2.45,256.6,0.105,0.0606,0.2739,0.00%,ரேடியோ சோதனை என் குரல் கேட்கிறதா ஓவர்,ரேடியோ சோதனை என் குரல் கேக்கிறதா ஓவர்
ta_08_punct,Tamil,ta,punct,2.61,264.4,0.101,0.0257,0.1432,0.00%,அங்கேயே இருங்கள் அடுத்த உத்தரவுக்காக காத்திருங்கள்,அங்கேயே இருங்கள் அடுத்த உத்தரவுக்காக காத்திருங்கள்
ta_09_proper_nouns,Tamil,ta,proper_nouns,3.32,375.0,0.113,0.0189,0.1159,0.00%,குழு தலைவர் விக்ரம் தளத்தில் கேப்டன் சர்மாவை சந்திக்கவும்,குழு தலைவர் விக்ரம் தளத்தில் கேப்டன் ஷர்மாவை சந்திக்கவும்
ta_10_fast,Tamil,ta,fast,3.06,328.0,0.107,0.0565,0.3080,0.00%,விரைவான தகவல் குழு இப்போது வளாகத்திற்குள் நுழைகிறது,விரைவான தகவல் குழு இப்போரு வளாகத்திற்குள் நுழைகிறது
ta_11_tactical_1,Tamil,ta,tactical,3.20,347.0,0.108,0.0195,0.1137,0.00%,ரெட் அலர்ட் அனைத்து குழுக்களும் பாதுகாப்பான இடத்திற்கு செல்லவும்,ரிட்டலாட்டு அனைத்துக் குழுக்களும் பாதுகாப்பான எடுத்திற்குச் செல்லவும்
ta_12_tactical_2,Tamil,ta,tactical,2.67,274.2,0.103,0.0260,0.1891,0.00%,மருத்துவக் குழு பிரிவு ஒன்பதுக்கு அனுப்பப்பட்டுள்ளது,மருத்துவ குழு பிரிவு ஒன்பது்கு அனுப்பப்பட்டுள்ளது
ta_13_tactical_3,Tamil,ta,tactical,3.48,387.6,0.111,0.0167,0.1206,0.00%,ஆக்சிஜன் அளவு நாற்பது சதவீதம் உடனடியாக வெளியேறவும்,ஆக்சிஜன் அளவு நாற்பது சதவீதம் உடனடியாக வெளியேறவும்
ta_14_tactical_4,Tamil,ta,tactical,2.38,256.4,0.108,0.0491,0.2164,0.00%,கிடங்கு இரண்டில் அடர்ந்த புகை காணப்பட்டது,இடங்கு இரண்டில் அடர்ந்த புகை காணப்பட்டது
ta_15_tactical_5,Tamil,ta,tactical,2.83,295.5,0.104,0.0236,0.1111,0.00%,எல்லை வேலி அருகே சந்தேகத்திற்கிடமான நடமாட்டம்,எல்லை வேலி அருகைை சந்தேகத திற்கிடமான நடமாட்டோம்
ta_16_coords_1,Tamil,ta,coords,3.82,415.2,0.109,0.0164,0.0949,0.00%,அட்சரேகை பன்னிரண்டு புள்ளி ஐந்து தீர்க்கரேகை எழுபத்தேழு புள்ளி ஆறு,அச்சுரேடை பனிரண்டு புள்ளி ஐந்து தீர்க்கிறேக்கை எழுபத்தி ஏழு புள்ளி ஆறு
ta_17_coords_2,Tamil,ta,coords,2.48,252.3,0.102,0.0574,0.3204,0.00%,சோதனைச் சாவடி டெல்டா உயரம் முந்நூறு மீட்டர்,சோதனச் சாவடி டெல்டா உயர முன்னூறு மீட்டர்
ta_18_coords_3,Tamil,ta,coords,3.10,300.0,0.097,0.0493,0.2528,0.00%,கட்டிடம் நான்கு அறை எண் இருபத்தெட்டு பாதுகாப்பானது,கட்டிடம் நான்கு அறை என் இருபத்திட்டு பாதுகாப்பானது
ta_19_coords_4,Tamil,ta,coords,2.90,310.8,0.107,0.0195,0.1061,0.00%,வேகம் மணிக்கு முப்பது கிலோமீட்டர் தெற்கு நோக்கி,வேகம் மணிக்கு முப்பது கிலோமீட்டர் திற்கு நோக்கி
ta_20_coords_5,Tamil,ta,coords,2.79,289.6,0.104,0.0418,0.2377,0.00%,ரிலே கோபுரம் ஐந்து சமிக்ஞை எண்பது சதவீதம்,ரிலே கோபுரம் ஐந்து சமிக்னெ எம்பரு சதவீதம்
gu_01_normal,Gujarati,gu,normal,3.11,402.6,0.129,0.0511,0.2693,0.00%,તમામ પેટ્રોલિંગ ચોકીઓ સુરક્ષિત અને સ્પષ્ટ છે,તમામ પેટ્રોલીની ચોક્કીઓ સુરક્ષિ અને સ્પષ્ટ છે
gu_02_short,Gujarati,gu,short,0.78,88.5,0.113,0.0461,0.1962,0.00%,રોજર બેઝ,જરદ
gu_03_long,Gujarati,gu,long,5.47,576.9,0.105,0.0453,0.2133,0.00%,આપણી ટુકડી પશ્ચિમી હાઇવે પરથી જંકશન સાત તરફ સામાન્ય નિયમો મુજબ આગળ વધી રહી છે,આપણી ટીકડી પશ્ચિમી હાઇવે પરથી જંકન સાત તરફ સામાન્ય નિયમો મુજબ આગળ વધી રહી છે
gu_04_numbers,Gujarati,gu,numbers,3.00,313.9,0.105,0.0503,0.2389,0.00%,ટીમમાં બાર સભ્યો છે અને બેટરી પંચોતેર ટકા છે,ટીમમબાસભ્યો છે અને બે ટરી પં ચોતે ટકા છે
gu_05_location,Gujarati,gu,location,3.91,402.9,0.103,0.0461,0.2440,0.00%,સ્ટેશન આલ્ફા મુખ્ય દરવાજાથી પચાસ મીટર ઉત્તરમાં છે,્ટેશન આલ્ફા મુખ્ય દરવાજાથી પચાસ મીઉતરમાં છે
gu_06_emergency,Gujarati,gu,emergency,3.77,410.4,0.109,0.0453,0.2320,0.00%,કટોકટી ચેતવણી સેક્ટર ચારમાં તાત્કાલિક સહાયની જરૂર છે,કટોકટી ચેતવી સક્ટર ચાર માં તાત્કાલિક સહાયની જરૂર છે
gu_07_radio,Gujarati,gu,radio,2.77,296.5,0.107,0.0527,0.2455,0.00%,રેડિયો ચેક શું તમને મારો અવાજ સંભળાય છે ઓવર,રેડિયો ચે શું તમને મારો અવાજ સંભળાય છે ઓ
gu_08_punct,Gujarati,gu,punct,2.49,267.0,0.107,0.0479,0.2319,0.00%,જગ્યા પર રહો આગામી આદેશની રાહ જુઓ,વિગ્યા પર રહો આગામી આદેશની રાહજો
gu_09_proper_nouns,Gujarati,gu,proper_nouns,3.56,390.2,0.110,0.0475,0.2382,0.00%,ટીમ લીડર વિક્રમ બેઝ પર કેપ્ટન શર્માને રિપોર્ટ કરો,ટીમ લીડર વિક્રમ બેસ પર કેતન શર્માની રિપોર્ટ કરો
gu_10_fast,Gujarati,gu,fast,3.09,334.3,0.108,0.0478,0.2189,0.00%,ઝડપી માહિતી ટીમ હવે પરિસરમાં પ્રવેશી રહી છે,ઝડપી માહિતી ટીમ હવે પરિસરમાં પ્રવેશી રહી છે
gu_11_tactical_1,Gujarati,gu,tactical,3.12,341.8,0.110,0.0524,0.2354,0.00%,રેડ એલર્ટ બધા સભ્યો સુરક્ષિત સ્થળે પહોંચો,રેડ એલર્ટ બધા સભ્યો સુરક્ષિત સ્થળે પહોંચો
gu_12_tactical_2,Gujarati,gu,tactical,2.98,332.9,0.112,0.0483,0.2098,0.00%,મેડિકલ ટીમને સેક્ટર નવમાં મોકલવામાં આવી છે,મેડિકલ ટીમનેસ મોકલવામાં આવી છે
gu_13_tactical_3,Gujarati,gu,tactical,3.13,346.0,0.110,0.0478,0.2299,0.00%,ઓક્સિજન સ્તર ચાલીસ ટકા તાત્કાલિક બહાર નીકળો,ટોક્સી જન ર ચાલીસ ટકા તાત્કાલિક બહાર નીકળો
gu_14_tactical_4,Gujarati,gu,tactical,2.54,291.1,0.115,0.0506,0.2294,0.00%,ગોડાઉન બેમાં ભારે ધુમાડો જોવા મળ્યો છે,વડાઉન બેમાં ભારે ધુમાડો જોવા મળ્યો છે
gu_15_tactical_5,Gujarati,gu,tactical,2.86,306.2,0.107,0.0474,0.2908,0.00%,સીમા વાડ પાસે શંકાસ્પદ હલચલ દેખાઈ,સિમા વાડ પાસે શંકાસ્પદ લીચલ દેખાય
gu_16_coords_1,Gujarati,gu,coords,3.36,377.0,0.112,0.0465,0.2509,0.00%,અક્ષાંશ બાર પોઇન્ટ પાંચ રેખાંશ સિત્તેર પોઇન્ટ છ,અક્ષાંશ બારપુ પાચેાતેપ છે
gu_17_coords_2,Gujarati,gu,coords,2.73,290.7,0.106,0.0486,0.2503,0.00%,ચેકપોઇન્ટ ડેલ્ટા ઊંચાઈ ત્રણસો મીટર,એક પોઇન્ટ નેલતા ઊંચાઈ ત્રણ સોમીટર
gu_18_coords_3,Gujarati,gu,coords,2.75,346.5,0.126,0.0470,0.2580,0.00%,ઇમારત ચાર રૂમ નંબર અઠ્ઠાવીસ સુરક્ષિત,ઇમારત ચાર ટૂમ નંબર અ્ઠાવી સુરક્ષિત
gu_19_coords_4,Gujarati,gu,coords,3.37,347.8,0.103,0.0488,0.2552,0.00%,ઝડપ ત્રીસ કિલોમીટર પ્રતિ કલાક દક્ષિણ તરફ,ૃત્રી કિલોમીટર પ્રતી કલાક દક્ષિણ તરફ
gu_20_coords_5,Gujarati,gu,coords,2.52,275.9,0.109,0.0505,0.2785,0.00%,રિલે ટાવર પાંચ સિગ્નલ એંસી ટકા,રીલે ટાવર પાંચ સિગ્નલ સી ટકા
kn_01_normal,Kannada,kn,normal,5.06,620.2,0.123,0.1725,0.7745,0.00%,ಎಲ್ಲಾ ಗಸ್ತು ಚೆಕ್‌ಪೋಸ್ಟ್‌ಗಳು ಸುರಕ್ಷಿತವಾಗಿವೆ ಎಂದು ವರದಿಯಾಗಿದೆ,ಎಲ್ಲಾ ದಸ್ತು ಚೆಟ್ಪೋಸ್ತಕಕಳು ಸುರಕ್ಷಿತವಾಗಿವೆ ಎಂದು ವರದಿಯಾಗಿದೆ
kn_02_short,Kannada,kn,short,1.11,121.1,0.110,0.1475,0.7366,0.00%,ರೋಜರ್ ಬೇಸ್,ತರೋದ್ನು ಬೇಸ್
kn_03_long,Kannada,kn,long,7.81,885.7,0.113,0.1555,0.8633,0.00%,ನಮ್ಮ ತಂಡವು ಪಶ್ಚಿಮ ಹೆದ್ದಾರಿಯ ಮೂಲಕ ಜಂಕ್ಷನ್ ಏಳರ ಕಡೆಗೆ ಸಾಮಾನ್ಯ ನಿಯಮಗಳ ಪ್ರಕಾರ ಸಾಗುತ್ತಿದೆ,ನಮ್ಮ ತಂದವು ಪಶ್ಚಿಮ ಹೆದ್ದಾರಿಯ ಮೂಲಕ ಜಂಕ್ಷನಗೇಲರ ಕಡೆಗೆ ಸಾಮಾನ್ಯ ನಿಯಮಗಳ ಪ್ರಕಾರ ಸಾಗುತ್ತಿದೆ
kn_04_numbers,Kannada,kn,numbers,5.64,609.0,0.108,0.1483,0.8295,0.00%,ತಂಡದಲ್ಲಿ ಹನ್ನೆರಡು ಸದಸ್ಯರಿದ್ದಾರೆ ಮತ್ತು ಬ್ಯಾಟರಿ ಎಪ್ಪತ್ತೈದು ಪ್ರತಿಶತ ಇದೆ,ತಂಡದಲ್ಲಿ ಹನ್ನೆರಡು ಸದಸ್ಯರಿದ್ದಾರೆ ಮತ್ತು ದಾಟರಿ ದು ಪ್ರತಿಷತ ಇದೆ
kn_05_location,Kannada,kn,location,4.96,538.1,0.109,0.1676,0.9058,0.00%,ಸ್ಟೇಷನ್ ಆಲ್ಫಾ ಮುಖ್ಯ ದ್ವಾರದಿಂದ ಐವತ್ತು ಮೀಟರ್ ಉತ್ತರದಲ್ಲಿದೆ,ಸ್ಟೇಷನ್ ಆಲ್ಪಾ ಮುಖ್ಯ ಧ್ವರದಿಂದ ಐವತ್ತು ಮೀಟರು ಉತ್ತರದಲ್ಲಿದೆ
kn_06_emergency,Kannada,kn,emergency,5.72,576.0,0.101,0.1735,0.8906,0.00%,ತುರ್ತು ಎಚ್ಚರಿಕೆ ಸೆಕ್ಟರ್ ನಾಲ್ಕರಲ್ಲಿ ತಕ್ಷಣದ ಸಹಾಯದ ಅಗತ್ಯವಿದೆ,ತೂತು ಎಚ್ಚೇರಿಕೆ ಸೆಟ್ಟನಾಲ್ಕರಲ್ಲಿ ತಕ್ಷಣದ ಸಹಾಯದ ಅಗತ್ಯವಿದೆ
kn_07_radio,Kannada,kn,radio,4.85,517.1,0.107,0.1781,0.7704,0.00%,ರೇಡಿಯೋ ತಪಾಸಣೆ ನನ್ನ ಧ್ವನಿ ಕೇಳಿಸುತ್ತಿದೆಯೇ ಓವರ್,ತರೇಡಿಯೋ ತಪಾಸನೆ ನನ್ನ ಧ್ವನಿ ಕೇಳಿಸುತ್ತಿದೆಯೇ
kn_08_punct,Kannada,kn,punct,3.37,343.3,0.102,0.1847,0.8114,0.00%,ಅಲ್ಲೇ ಇರಿ ಮುಂದಿನ ಆದೇಶಕ್ಕಾಗಿ ಕಾಯಿರಿ,ಅಲ್ಲೇ ಇರಿಮುಂದಿನ ಆ ದೇಶಕ್ಕಾಗಿ ಕಾಯಿರಿ
kn_09_proper_nouns,Kannada,kn,proper_nouns,5.28,552.7,0.105,0.1645,0.7561,0.00%,ತಂಡದ ನಾಯಕ ವಿಕ್ರಮ್ ಬೇಸ್‌ನಲ್ಲಿ ಕ್ಯಾಪ್ಟನ್ ಶರ್ಮಾ ಅವರನ್ನು ಭೇಟಿ ಮಾಡಿ,ತಂಡದ ನಾಯಕ ವಿಕ್ರಂ ಬೇಸ್ನಲ್ಲಿ ಕ್ಯಾಪ್ಟನ್ ಶರ್ಮ ಅವರನ್ನು ಭೇಟಿ ಮಾಡಿ
kn_10_fast,Kannada,kn,fast,4.11,429.4,0.104,0.1561,0.8484,0.00%,ತ್ವರಿತ ಮಾಹಿತಿ ತಂಡವು ಈಗ ಆವರಣ ಪ್ರವೇಶಿಸುತ್ತಿದೆ,ತ್ರಿತಾ ಮಾಹಿತಿ ತಂಡವು ಈಗ ಆವರಣ ಪ್ರವೇಶಿಸುತ್ತಿದೆ
kn_11_tactical_1,Kannada,kn,tactical,4.06,410.2,0.101,0.2006,0.9180,0.00%,ರೆಡ್ ಅಲರ್ಟ್ ಎಲ್ಲಾ ತಂಡಗಳು ಸುರಕ್ಷಿತ ಸ್ಥಳಕ್ಕೆ ತೆರಳಿ,ಕರೆಟ್ ಆಲರ್ಎಲ್ಲಾ ತಂದಗಳು ಸುರಕ್ಷಿತ ಸ್ಥಳಕ್ಕೆ ತೆರಳಿ
kn_12_tactical_2,Kannada,kn,tactical,4.05,463.4,0.114,0.1558,0.8441,0.00%,ವೈದ್ಯಕೀಯ ತಂಡವನ್ನು ಸೆಕ್ಟರ್ ಒಂಬತ್ತಕ್ಕೆ ಕಳುಹಿಸಲಾಗಿದೆ,ವೈದ್ಯಕ್ಕೀಯ ತಂಡವನ್ನು ಸೆಕ್ತ ಒಂಬತ್ತಕ್ಕೆ ಕಳೆಯಿಸಲಾಗಿದೆ
kn_13_tactical_3,Kannada,kn,tactical,5.10,548.5,0.108,0.1845,0.8783,0.00%,ಆಮ್ಲಜನಕ ಮಟ್ಟ ನಲವತ್ತು ಪ್ರತಿಶತ ತಕ್ಷಣ ಹೊರಬನ್ನಿ,ಆ ಲಜನಕ ಮಟ್ಟ ನಲವತ್ತು ಪ್ರತಿಷತ ತಕ್ಷಣ ಹೊರಬನ್ನಿ
kn_14_tactical_4,Kannada,kn,tactical,4.14,473.0,0.114,0.1771,0.9045,0.00%,ಗೋದಾಮು ಎರಡರಲ್ಲಿ ದಟ್ಟವಾದ ಹೊಗೆ ಕಾಣಿಸಿಕೊಂಡಿದೆ,ಗೂದಾಮು ಎರಡರಲ್ಲಿ ದಟವಾದ ಹೊಗೆ ಕಾಣಿಸಿಕೊಂಡಿದೆ
kn_15_tactical_5,Kannada,kn,tactical,3.67,391.2,0.107,0.1763,0.8163,0.00%,ಗಡಿ ಬೇಲಿ ಬಳಿ ಅನುಮಾನಾಸ್ಪದ ಚಟುವಟಿಕೆ,ತೆಗಡಿ ಬೇಲಿ ಬಳಿ ಅನುಮಾನಾಸ್ಪದ ಚಟುವಟಿಕೆ
kn_16_coords_1,Kannada,kn,coords,5.50,586.7,0.107,0.1808,0.8499,0.00%,ಅಕ್ಷಾಂಶ ಹನ್ನೆರಡು ಪಾಯಿಂಟ್ ಐದು ರೇಖಾಂಶ ಎಪ್ಪತ್ತೇಳು ಪಾಯಿಂಟ್ ಆರು,ಅಕ್ಷಾಂಶ ಹನ್ನೆರಡು ಪಾಯಿಐದು ರೇಖಾಂಶ ಎಪ್ಪತ್ತೇಳು ಪಾಯಿರು
kn_17_coords_2,Kannada,kn,coords,3.55,366.4,0.103,0.1945,0.8642,0.00%,ಚೆಕ್‌ಪಾಯಿಂಟ್ ಡೆಲ್ಟಾ ಎತ್ತರ ಮುನ್ನೂರು ಮೀಟರ್,ಚೆಕ್ಪಾಯಿಂ ದೆಲ್ತ ತರ ಮುನ್ನೂರು ಮೀತರೆ
kn_18_coords_3,Kannada,kn,coords,4.56,458.5,0.100,0.1624,0.8785,0.00%,ಕಟ್ಟಡ ನಾಲ್ಕು ಕೊಠಡಿ ಸಂಖ್ಯೆ ಇಪ್ಪತ್ತೆಂಟು ಸುರಕ್ಷಿತ,ಕಟ್ಟಡ ನಾಲ್ಕು ಕೊಟಡಿ ಸಂಖ್ಯೆ ಇಪ್ಪತ್ತೆಂತು ಸುರಕ್ಷಿ
kn_19_coords_4,Kannada,kn,coords,4.81,567.8,0.118,0.1811,0.8916,0.00%,ವೇಗ ಮೂವತ್ತು ಕಿಲೋಮೀಟರ್ ಪ್ರತಿ ಗಂಟೆಗೆ ದಕ್ಷಿಣದ ಕಡೆ,ವೇಗ ಮೂವತ್ತು ಕಿಲೋಮೀಟರ್ ಪ್ರತಿ ಗಂಟೆಗೆ ದಕ್ಷಿಣದ ಕಡೆ
kn_20_coords_5,Kannada,kn,coords,3.49,332.9,0.095,0.1904,0.8963,0.00%,ರಿಲೇ ಟವರ್ ಐದು ಸಿಗ್ನಲ್ ಎಂಬತ್ತು ಪ್ರತಿಶತ,ಗರಿಲೇ ಟವರು ಐದು ಸಿಗ್ನಲ್ ಎಂಬತ್ತು ಪ್ರತಿಷ್ಠ
or_01_normal,Odia,or,normal,3.61,448.7,0.124,0.1475,0.7697,0.00%,ସମସ୍ତ ପାଟ୍ରୋଲିଂ ଚେକପୋଷ୍ଟ ସୁରକ୍ଷିତ ଥିବା ସୂଚନା ମିଳିଛି,ସମସ୍ତ ପାଠଳିନ ଚେକ ପଷ୍ଠ ସୁରଖିତ ଅଥିବା ସୁଜନା ମିଳିଛି
or_02_short,Odia,or,short,0.64,71.4,0.111,0.1487,0.6528,0.00%,ରଜର ବେସ,ପଲର ବେଶି
or_03_long,Odia,or,long,6.24,675.6,0.108,0.1382,0.7390,0.00%,ଆମର ଦଳ ପଶ୍ଚିମ ରାଜପଥ ଦେଇ ଜଙ୍କସନ ସାତ ଆଡକୁ ସାଧାରଣ ନିୟମ ଅନୁଯାୟୀ ଆଗକୁ ବଢୁଛି,ବାମର ଦଳ ପଚିମ ରାଜେ ପଥ ଦେଇ ଜଙ୍କ ସନ ସାତ କୁ ସାଧାଣ ନିଅମ କନୁଯାିଁ ହାଗକୁ ବଳୁଛି
or_04_numbers,Odia,or,numbers,4.11,436.2,0.106,0.1613,0.7082,0.00%,ଦଳରେ ବାର ଜଣ ସଦସ୍ୟ ଅଛନ୍ତି ଏବଂ ବ୍ୟାଟେରୀ ପଞ୍ଚସ୍ତରୀ ପ୍ରତିଶତ ଅଛି,ତରରେ ବାରଜଣସତଷ ଅଛନ୍ତି ଏବଂ ବାଠେରି ପଞ୍ଚଷ ତରୀ ପ୍ରତିସବ ଅଛି
or_05_location,Odia,or,location,4.20,440.8,0.105,0.1557,0.7094,0.00%,ଷ୍ଟେସନ ଆଲଫା ମୁଖ୍ୟ ଫାଟକରୁ ପଚାଶ ମିଟର ଉତ୍ତରରେ ଅବସ୍ଥିତ,ଟେସନ ଆଳଭା ମୁକ୍ୟ ଭାଟକରୁ ପଚାଷ ମିଟର ଉତରରିର ଅବସ୍ଥିତ
or_06_emergency,Odia,or,emergency,3.87,379.0,0.098,0.1434,0.7281,0.00%,ଜରୁରୀକାଳୀନ ଚେତାବନୀ ସେକ୍ଟର ଚାରିରେ ତୁରନ୍ତ ସହାୟତା ଆବଶ୍ୟକ,ଜମୁରୀ କାଳିନଚେ ତାବ ନିସେକ୍ଟର ଚାଣିରେ ତୁରନ୍ତ ସାହାତା ଆବୟକ
or_07_radio,Odia,or,radio,3.30,348.8,0.106,0.1649,0.7433,0.00%,ରେଡିଓ ଯାଞ୍ଚ ଆପଣ ମୋ ସ୍ୱର ଶୁଣିପାରୁଛନ୍ତି କି ଓଭର,ତରେରି ାଞଚ ବାପଣ ମ ଷୁର ସୁଣି ପାରୁଛନ୍ତି କି ପଭର
or_08_punct,Odia,or,punct,3.90,405.6,0.104,0.1447,0.6539,0.00%,ସେହି ସ୍ଥାନରେ ରୁହନ୍ତୁ ପରବର୍ତ୍ତୀ ଆଦେଶ ପାଇଁ ଅପେକ୍ଷା କରନ୍ତୁ,ସେଇ ସ୍ତାନରେ ରୁହନ୍ତୁ ପବର୍ତତି ଆଦେଶ ପାଇଁ ଅପେକ୍ଷା କରନ୍ତୁ
or_09_proper_nouns,Odia,or,proper_nouns,3.18,364.2,0.114,0.1541,0.6892,0.00%,ଦଳ ନେତା ବିକ୍ରମ ବେସରେ କ୍ୟାପଟେନ ଶର୍ମାଙ୍କୁ ଭେଟନ୍ତୁ,ତଳନେତା ବିକ୍ରମ ବେଷରେ କେ ପଟେନ ସର୍ମାଙ୍କୁ ପେଟନ୍ତୁ
or_10_fast,Odia,or,fast,3.95,449.6,0.114,0.1370,0.6831,0.00%,ତ୍ୱରିତ ସୂଚନା ଟିମ ଏବେ ପରିସର ମଧ୍ୟକୁ ପ୍ରବେଶ କରୁଛି,ସତରୀତ ଶୁଚନା ଟିମ ଏବେ ପରିଶର ମଧ୍ୟକୁ ପ୍ରବେଶ କରୁଛି
or_11_tactical_1,Odia,or,tactical,4.03,430.0,0.107,0.1530,0.7475,0.00%,ରେଡ ଆଲର୍ଟ ସମସ୍ତ ଟିମ ସୁରକ୍ଷିତ ସ୍ଥାନକୁ ଫେରିଯାଆନ୍ତୁ,ତରେଡ ଆରଠ ସମସ୍ତ ଟିଭ ଶୁରକଷିତ ସ୍ତାନକୁ ପେଇ ଯୁନ୍ତୁ
or_12_tactical_2,Odia,or,tactical,2.75,278.8,0.102,0.1629,0.7674,0.00%,ମେଡିକାଲ ଟିମକୁ ସେକ୍ଟର ନଅକୁ ପଠାଯାଇଛି,ତ ମେଡିକାଉଠି ମକୁ ସେତର ନକୁ ପଠା ଯାଇଛି
or_13_tactical_3,Odia,or,tactical,3.54,378.9,0.107,0.1654,0.8018,0.00%,ଅକ୍ସିଜେନ ସ୍ତର ଚାଳିଶ ପ୍ରତିଶତ ତୁରନ୍ତ ବାହାରକୁ ଆସନ୍ତୁ,ପସି ଯାମସ୍ତର ଚାଳିଶ ପରତିଶତ ତୁରନ୍ତ ବାହାରକୁ ଆସନ୍ତୁ
or_14_tactical_4,Odia,or,tactical,2.32,225.0,0.097,0.1862,0.7074,0.00%,ଗୋଦାମ ଦୁଇରେ ପ୍ରବଳ ଧୂଆଁ ଦେଖାଯାଇଛି,ସମ ଦାମ ଦୁଇରେ ପ୍ରବଳ ଧୁଆ ଦେଖା ଯାଇଛି
or_15_tactical_5,Odia,or,tactical,2.46,254.8,0.104,0.1529,0.8088,0.00%,ସୀମା ବାଡ଼ ପାଖରେ ସନ୍ଦିଗ୍ଧ ଗତିବିଧି,ଶିମା ବାର ପାକରେ ସନଦିଧ କସୁବିଧି
or_16_coords_1,Odia,or,coords,4.91,525.4,0.107,0.1344,0.7269,0.00%,ଅକ୍ଷାଂଶ ବାର ଦଶମିକ ପାଞ୍ଚ ଦ୍ରାଘିମା ସତସ୍ତରୀ ଦଶମିକ ଛଅ,ଶକ୍ଷାସ ପାର ଦଶ ମେକ ପାଞ୍ଚଦେ ହିମା ଶସ୍ତରେ ଜଷମି କଛା
or_17_coords_2,Odia,or,coords,2.52,248.9,0.099,0.1356,0.5788,0.00%,ଚେକପଏଣ୍ଟ ଡେଲଟା ଉଚ୍ଚତା ତିନିଶହ ମିଟର,କେକ ପାଇନ୍ଟ ଟେଲାଟା ଉଚ୍ଚଥା ତିଲିଶହ ମିଟ
or_18_coords_3,Odia,or,coords,2.56,265.0,0.103,0.1842,0.7501,0.00%,ବିଲଡିଂ ଚାରି ରୁମ ନମ୍ବର ଅଠେଇଶ ସୁରକ୍ଷିତ,ବିଲୁଣିଙ ଚାରିବି ମୋ ନମ୍ମବର ଅଠେଇସ ସୁରକଖିତ
or_19_coords_4,Odia,or,coords,3.25,378.6,0.116,0.1325,0.6976,0.00%,ଗତି ତିରିଶ କିଲୋମିଟର ଘଣ୍ଟା ପ୍ରତି ଦକ୍ଷିଣ ଦିଗକୁ,ତି ତିରିଶ କିଲୋ ଭିଟର ଘନ୍ଟା ପତି ଦଖିଳ ଦିବକୁ
or_20_coords_5,Odia,or,coords,2.51,266.8,0.106,0.1719,0.7570,0.00%,ରିଲେ ଟାୱାର ପାଞ୍ଚ ସିଗନାଲ ଅଶୀ ପ୍ରତିଶତ,ସରିଲେ ତାର ପାଞ୍ଚ ଶୀଭନାର ଅସି ପ୍ରତିଶ
en_01_normal,English,en,normal,3.36,338.8,0.101,0.0924,0.6903,0.00%,all patrol checkpoints are reported clear and secure,all patrol checkpoints are reported clear and secure.
en_02_short,English,en,short,1.41,195.4,0.139,0.0958,0.6979,0.00%,roger that base,roger that base.
en_03_long,English,en,long,5.81,502.7,0.087,0.0933,0.7513,0.00%,the convoy is proceeding along the western highway toward junction seven under standard protocol,the kanbai is proceeding along the western highway toward junction 7 understanding protocol.
en_04_numbers,English,en,numbers,4.45,342.2,0.077,0.0989,0.7373,0.00%,twelve personnel are present and battery level is seventy five percent,12 personnel are present and battery level is 75%.
en_05_location,English,en,location,3.90,345.6,0.089,0.0847,0.5406,0.00%,station alpha located fifty meters north of the main gate,station alpha located 50 meters north of the main gate.
en_06_emergency,English,en,emergency,3.84,332.4,0.087,0.0860,0.5391,0.00%,emergency alert critical assistance needed at sector four,emergency alert cracal assistance needed at sector 4.
en_07_radio,English,en,radio,3.17,298.3,0.094,0.0969,0.6894,0.00%,radio check do you copy my transmission over,radio check do you copy my transmission over?
en_08_punct,English,en,punct,3.01,286.0,0.095,0.0900,0.6218,0.00%,hold position stand by for immediate orders,hold position stand by for immediate orders.
en_09_proper_nouns,English,en,proper_nouns,3.70,370.6,0.100,0.0922,0.5928,0.00%,squad leader vikram report to captain sharma at base,squad leader vikram report to captain sharma at base.
en_10_fast,English,en,fast,2.90,289.6,0.100,0.0909,0.6685,0.00%,quick update team moving into perimeter now,quick update team moving into perimeter now.
en_11_tactical_1,English,en,tactical,3.17,318.4,0.100,0.0951,0.6329,0.00%,red alert all units fall back to safe zone,red alert all units fall back to safe zone.
en_12_tactical_2,English,en,tactical,2.85,271.4,0.095,0.0842,0.5677,0.00%,medical team dispatched to sector nine,medical team dispatched to sector 9.
en_13_tactical_3,English,en,tactical,3.33,281.4,0.085,0.0881,0.7112,0.00%,oxygen level forty percent evacuate immediately,oxygen level 40% evacuate immediately.
en_14_tactical_4,English,en,tactical,2.62,262.7,0.100,0.0884,0.5696,0.00%,heavy smoke reported in warehouse two,heavy smoke reported in warehouse too.
en_15_tactical_5,English,en,tactical,2.83,301.3,0.106,0.0842,0.5149,0.00%,perimeter breach detected near boundary fence,for aimeter breech detected near boundary fence.
en_16_coords_1,English,en,coords,4.93,367.2,0.075,0.0876,0.6427,0.00%,coordinates latitude twelve point five longitude seventy seven point six,coordinates latitude 12.5 longitude 77.6
en_17_coords_2,English,en,coords,2.93,283.4,0.097,0.0827,0.6879,0.00%,checkpoint delta altitude three hundred meters,checkcoin delta altitude 300 meters.
en_18_coords_3,English,en,coords,2.54,241.6,0.095,0.0842,0.4692,0.00%,building four room twenty eight clear,building 4 room 28 clear
en_19_coords_4,English,en,coords,2.98,309.2,0.104,0.0876,0.5605,0.00%,speed thirty kilometers per hour heading south,speed 30 kilometers per hour heading south.
en_20_coords_5,English,en,coords,3.17,378.2,0.119,0.0933,0.6697,0.00%,relay tower five signal strength eighty percent,relay tower 5 signal strength 80%.
